batter,total_runs,balls_faced,boundaries,strike_rate
V Kohli,8671.0,6505,1066,133.29746348962337
RG Sharma,7048.0,5317,943,132.55595260485237
S Dhawan,6769.0,5304,921,127.6206636500754
DA Warner,6567.0,4680,899,140.32051282051282
SK Raina,5536.0,4025,710,137.54037267080744
MS Dhoni,5439.0,3935,639,138.22109275730622
KL Rahul,5235.0,3836,661,136.47028154327424
AB de Villiers,5181.0,3400,667,152.3823529411765
AM Rahane,5032.0,4021,638,125.14299925391694
CH Gayle,4997.0,3331,767,150.01501050735516
RV Uthappa,4954.0,3784,663,130.91966173361521
KD Karthik,4843.0,3570,627,135.65826330532212
F du Plessis,4773.0,3506,614,136.13804905875642
SV Samson,4704.0,3368,598,139.66745843230404
AT Rayudu,4348.0,3391,532,128.2217634915954
SA Yadav,4311.0,2889,622,149.22118380062307
G Gambhir,4217.0,3394,551,124.2486741308191
JC Buttler,4121.0,2749,593,149.90905783921426
MK Pandey,3951.0,3239,456,121.9820932386539
SR Watson,3880.0,2801,567,138.5219564441271
Shubman Gill,3866.0,2774,491,139.36553713049747
SS Iyer,3735.0,2792,467,133.77507163323784
RR Pant,3566.0,2407,491,148.15122559202328
KA Pollard,3437.0,2315,445,148.46652267818575
Q de Kock,3312.0,2465,459,134.36105476673427
RA Jadeja,3260.0,2489,357,130.97629570108478
YK Pathan,3222.0,2233,424,144.29019256605466
DA Miller,3077.0,2212,358,139.10488245931282
Ishan Kishan,2998.0,2169,422,138.22037805440294
WP Saha,2934.0,2296,383,127.78745644599303
BB McCullum,2882.0,2176,423,132.44485294117646
N Rana,2853.0,2079,402,137.22943722943722
PA Patel,2848.0,2350,414,121.19148936170212
GJ Maxwell,2820.0,1810,399,155.8011049723757
MA Agarwal,2764.0,2053,375,134.63224549439846
HH Pandya,2758.0,1866,357,147.80278670953913
Yuvraj Singh,2754.0,2115,367,130.2127659574468
V Sehwag,2728.0,1740,440,156.7816091954023
AD Russell,2655.0,1508,410,176.06100795755967
M Vijay,2619.0,2147,338,121.98416394969725
RD Gaikwad,2502.0,1811,326,138.15571507454445
SPD Smith,2495.0,1931,286,129.20766442257897
SE Marsh,2489.0,1866,347,133.38692390139335
JH Kallis,2427.0,2213,299,109.6701310438319
DR Smith,2385.0,1755,362,135.8974358974359
SR Tendulkar,2334.0,1941,325,120.24729520865533
N Pooran,2293.0,1355,325,169.2250922509225
RA Tripathi,2291.0,1655,314,138.42900302114805
R Dravid,2174.0,1878,297,115.76144834930777
YBK Jaiswal,2166.0,1412,351,153.39943342776203
KS Williamson,2132.0,1692,251,126.0047281323877
AJ Finch,2092.0,1626,292,128.65928659286593
AC Gilchrist,2069.0,1483,331,139.51449763991909
JP Duminy,2029.0,1631,205,124.40220723482527
MP Stoinis,2026.0,1392,264,145.54597701149424
MEK Hussey,1977.0,1610,250,122.79503105590062
AR Patel,1916.0,1425,224,134.45614035087718
PP Shaw,1892.0,1279,299,147.92806880375292
S Dube,1859.0,1290,230,144.10852713178295
Abhishek Sharma,1816.0,1108,275,163.89891696750902
DPMD Jayawardene,1808.0,1462,240,123.66621067031464
D Padikkal,1806.0,1425,248,126.73684210526315
B Sai Sudharsan,1793.0,1220,236,146.9672131147541
SP Narine,1780.0,1067,305,166.82286785379569
KH Pandya,1756.0,1323,218,132.7286470143613
Mandeep Singh,1706.0,1385,214,123.17689530685921
MK Tiwary,1695.0,1444,196,117.38227146814404
KK Nair,1694.0,1283,234,132.03429462197974
KC Sangakkara,1687.0,1385,222,121.80505415162455
JM Bairstow,1674.0,1142,247,146.58493870402802
R Parag,1570.0,1101,199,142.59763851044505
DJ Bravo,1560.0,1196,186,130.43478260869566
NV Ojha,1554.0,1308,200,118.80733944954129
Tilak Varma,1499.0,1032,187,145.25193798449612
DJ Hooda,1497.0,1167,160,128.2776349614396
SS Tiwary,1494.0,1235,161,120.97165991902834
SO Hetmyer,1488.0,975,187,152.6153846153846
H Klaasen,1480.0,863,187,171.49478563151797
VR Iyer,1468.0,1068,201,137.45318352059925
S Badrinath,1441.0,1208,182,119.28807947019868
AK Markram,1440.0,1062,168,135.59322033898303
EJG Morgan,1406.0,1147,176,122.58064516129032
BJ Hodge,1400.0,1112,165,125.89928057553956
P Simran Singh,1355.0,884,212,153.28054298642536
SC Ganguly,1349.0,1257,179,107.31901352426412
CA Lynn,1329.0,941,198,141.2327311370882
DJ Hussey,1322.0,1070,150,123.55140186915887
MR Marsh,1292.0,902,179,143.23725055432374
V Shankar,1233.0,947,136,130.20063357972543
KM Jadhav,1208.0,969,142,124.66460268317854
MM Ali,1167.0,831,162,140.4332129963899
TM Dilshan,1153.0,1001,164,115.18481518481518
IK Pathan,1150.0,947,126,121.43611404435057
TM Head,1146.0,667,181,171.81409295352324
R Tewatia,1112.0,807,144,137.79429987608427
RM Patidar,1111.0,719,144,154.5201668984701
ML Hayden,1107.0,799,165,138.54818523153943
RK Singh,1099.0,750,143,146.53333333333333
M Vohra,1083.0,828,147,130.79710144927537
DP Conway,1080.0,770,151,140.25974025974025
LMP Simmons,1079.0,848,153,127.24056603773586
PD Salt,1056.0,595,178,177.47899159663865
LS Livingstone,1051.0,655,145,160.45801526717557
LRPL Taylor,1017.0,818,112,124.3276283618582
KP Pietersen,1001.0,742,131,134.9056603773585
MC Henriques,1000.0,785,115,127.38853503184713
SM Curran,997.0,725,126,137.51724137931035
JM Sharma,991.0,628,139,157.80254777070064
Y Venugopal Rao,985.0,832,114,118.38942307692308
JA Morkel,975.0,683,116,142.75256222547583
A Symonds,974.0,745,115,130.73825503355704
CL White,971.0,757,114,128.26948480845442
A Badoni,963.0,693,111,138.96103896103895
BA Stokes,935.0,695,113,134.53237410071944
HH Gibbs,886.0,805,114,110.06211180124224
STR Binny,880.0,682,101,129.03225806451613
TH David,846.0,483,114,175.1552795031056
R Ashwin,833.0,703,93,118.49217638691323
Harbhajan Singh,833.0,599,121,139.0651085141903
MS Bisla,798.0,700,116,113.99999999999999
Shakib Al Hasan,795.0,635,94,125.19685039370079
Shashank Singh,773.0,490,99,157.75510204081633
ST Jayasuriya,768.0,529,123,145.179584120983
Abdul Samad,743.0,487,95,152.56673511293636
GC Smith,739.0,664,103,111.29518072289157
M Shahrukh Khan,732.0,490,96,149.3877551020408
AD Mathews,724.0,573,73,126.35253054101221
N Wadhera,719.0,500,99,143.79999999999998
T Stubbs,711.0,431,89,164.96519721577727
C Green,707.0,457,94,154.70459518599563
Dhruv Jurel,680.0,442,89,153.84615384615387
TL Suman,676.0,573,81,117.97556719022688
AM Nayar,672.0,573,75,117.27748691099475
GJ Bailey,663.0,541,78,122.55083179297597
Abishek Porel,661.0,440,92,150.22727272727272
E Lewis,654.0,477,98,137.1069182389937
PP Chawla,624.0,561,76,111.22994652406418
CH Morris,618.0,397,76,155.66750629722924
JJ Roy,614.0,441,96,139.22902494331066
PJ Cummins,612.0,400,80,153.0
JD Ryder,604.0,455,88,132.74725274725273
SN Khan,585.0,444,77,131.75675675675674
Rashid Khan,585.0,359,82,162.95264623955433
HM Amla,577.0,406,81,142.11822660098522
Priyansh Arya,545.0,298,91,182.88590604026845
Shahbaz Ahmed,545.0,446,54,122.19730941704037
CJ Anderson,538.0,421,71,127.79097387173397
RS Bopara,531.0,453,55,117.21854304635761
MK Lomror,527.0,372,63,141.66666666666669
JP Faulkner,527.0,385,59,136.88311688311688
M Manhas,514.0,470,53,109.36170212765957
Gurkeerat Singh,511.0,422,66,121.09004739336493
Washington Sundar,511.0,404,58,126.48514851485149
OA Shah,506.0,388,57,130.41237113402062
PC Valthaty,505.0,414,81,121.98067632850243
SW Billings,503.0,385,60,130.64935064935065
Nithish Kumar Reddy,485.0,364,56,133.24175824175825
RR Rossouw,473.0,306,70,154.5751633986928
WG Jacks,463.0,302,67,153.3112582781457
A Raghuvanshi,463.0,319,62,145.141065830721
DT Christian,460.0,394,42,116.75126903553299
D Brevis,455.0,297,63,153.1986531986532
NLTC Perera,424.0,306,49,138.56209150326796
SA Asnodkar,423.0,337,66,125.51928783382789
JR Hopes,417.0,305,60,136.72131147540983
R Ravindra,413.0,284,56,145.4225352112676
J Botha,409.0,358,44,114.24581005586592
LR Shukla,405.0,350,49,115.71428571428572
AL Menaria,401.0,354,42,113.27683615819208
SE Rutherford,397.0,288,51,137.84722222222223
MV Boucher,394.0,307,45,128.33876221498372
Ashutosh Sharma,393.0,236,52,166.52542372881356
Naman Dhir,392.0,216,60,181.4814814814815
CA Pujara,390.0,390,54,100.0
RD Rickelton,388.0,255,64,152.15686274509804
Azhar Mahmood,388.0,303,52,128.05280528052805
J Fraser-McGurk,385.0,191,69,201.57068062827227
A Mishra,381.0,417,36,91.36690647482014
KR Mayers,379.0,258,60,146.89922480620154
DB Ravi Teja,375.0,315,44,119.04761904761905
S Sohal,368.0,289,52,127.33564013840831
R Powell,365.0,249,50,146.58634538152612
P Negi,365.0,288,43,126.73611111111111
Rahmanullah Gurbaz,363.0,268,56,135.44776119402985
KV Sharma,352.0,295,37,119.3220338983051
DJ Mitchell,351.0,267,38,131.46067415730337
R Bhatia,342.0,284,37,120.4225352112676
P Kumar,340.0,312,39,108.97435897435896
AP Tare,339.0,272,51,124.63235294117648
JEC Franklin,327.0,300,34,109.00000000000001
RN ten Doeschate,326.0,235,41,138.72340425531914
SN Thakur,325.0,232,43,140.08620689655174
B Kumar,320.0,350,34,91.42857142857143
Anuj Rawat,318.0,267,40,119.10112359550563
R Vinay Kumar,310.0,274,30,113.13868613138686
Lalit Yadav,305.0,285,34,107.01754385964912
DB Das,304.0,260,39,116.92307692307693
C de Grandhomme,303.0,224,36,135.26785714285714
LA Pomersbach,302.0,243,38,124.27983539094649
UBT Chand,300.0,299,41,100.33444816053512
DJG Sammy,295.0,241,33,122.40663900414938
SP Goswami,293.0,293,35,100.0
A Manohar,292.0,235,37,124.25531914893617
Y Nagar,285.0,259,29,110.03861003861005
GH Vihari,284.0,319,24,89.0282131661442
VVS Laxman,282.0,266,38,106.01503759398496
A Ashish Reddy,280.0,193,31,145.0777202072539
B Chipli,280.0,250,35,112.00000000000001
JP Inglis,278.0,171,42,162.5730994152047
MJ Lumb,278.0,191,51,145.5497382198953
PBB Rajapaksa,277.0,190,37,145.78947368421055
PK Garg,273.0,238,25,114.70588235294117
MJ Guptill,271.0,196,39,138.26530612244898
R Sathish,270.0,230,28,117.3913043478261
HV Patel,270.0,229,31,117.90393013100437
JC Archer,262.0,173,32,151.4450867052023
Atharva Taide,260.0,177,38,146.89265536723164
JO Holder,259.0,209,31,123.92344497607655
M Kaif,259.0,249,28,104.01606425702812
V Suryavanshi,252.0,121,42,208.26446280991738
K Gowtham,247.0,147,32,168.02721088435376
Harpreet Brar,244.0,203,29,120.19704433497537
SM Katich,241.0,185,34,130.27027027027026
A Mhatre,240.0,127,42,188.9763779527559
BCJ Cutting,238.0,141,34,168.79432624113474
MD Mishra,237.0,206,32,115.04854368932038
Aniket Verma,236.0,142,32,166.19718309859155
Mohammad Nabi,221.0,151,30,146.35761589403972
K Goel,218.0,231,26,94.37229437229438
Ramandeep Singh,217.0,135,26,160.74074074074073
AA Jhunjhunwala,217.0,209,24,103.82775119617224
K Rabada,215.0,200,25,107.5
R Dhawan,210.0,187,25,112.29946524064172
UT Yadav,208.0,201,25,103.48258706467661
CA Ingram,205.0,179,27,114.52513966480447
PD Collingwood,203.0,156,22,130.12820512820514
Kuldeep Yadav,201.0,232,21,86.63793103448276
KS Bharat,199.0,161,20,123.6024844720497
SK Warne,198.0,213,20,92.95774647887323
JD Unadkat,197.0,166,23,118.67469879518073
SP Fleming,196.0,162,30,120.98765432098766
AS Raut,194.0,167,20,116.1676646706587
Salman Butt,193.0,160,32,120.625
BJ Rohrer,193.0,141,26,136.8794326241135
YV Takawale,192.0,177,29,108.47457627118644
HC Brook,190.0,153,27,124.18300653594771
Bipul Sharma,187.0,123,20,152.03252032520325
R Shepherd,185.0,85,29,217.6470588235294
SD Hope,183.0,122,24,150.0
FY Fazal,183.0,172,23,106.3953488372093
MS Wade,183.0,177,25,103.38983050847457
Sikandar Raza,182.0,136,20,133.8235294117647
CR Brathwaite,181.0,110,26,164.54545454545456
AC Voges,181.0,143,18,126.57342657342659
S Gopal,180.0,169,21,106.50887573964498
AB Agarkar,179.0,151,18,118.5430463576159
C Munro,177.0,141,27,125.53191489361701
MF Maharoof,177.0,123,21,143.90243902439025
Sameer Rizvi,172.0,122,24,140.98360655737704
DH Yagnik,170.0,133,25,127.81954887218046
CM Gautam,169.0,149,23,113.42281879194631
DW Steyn,167.0,160,17,104.375
MG Johnson,167.0,163,17,102.45398773006136
MN van Wyk,167.0,131,20,127.48091603053436
PA Reddy,164.0,160,17,102.49999999999999
N Jagadeesan,162.0,147,23,110.20408163265304
MN Samuels,161.0,172,16,93.6046511627907
RE van der Merwe,159.0,141,19,112.7659574468085
R McLaren,159.0,171,15,92.98245614035088
D Wiese,148.0,100,19,148.0
AD Hales,148.0,117,19,126.49572649572649
SM Pollock,147.0,111,20,132.43243243243242
S Vidyut,145.0,109,24,133.0275229357798
Sachin Baby,144.0,115,16,125.21739130434784
V Nigam,142.0,78,24,182.05128205128204
M Jansen,141.0,129,14,109.30232558139534
N Saini,140.0,140,16,100.0
Anmolpreet Singh,139.0,115,22,120.8695652173913
SB Dubey,139.0,84,19,165.47619047619045
S Anirudha,136.0,112,16,121.42857142857142
SB Styris,131.0,132,13,99.24242424242425
W Jaffer,130.0,121,17,107.43801652892562
RD Chahar,129.0,124,18,104.03225806451613
Kamran Akmal,128.0,77,21,166.23376623376623
TK Curran,127.0,107,13,118.69158878504673
UT Khawaja,127.0,99,17,128.2828282828283
P Dogra,127.0,138,9,92.02898550724638
M Morkel,126.0,89,16,141.57303370786516
SS Prabhudessai,126.0,105,15,120.0
MC Juneja,125.0,128,12,97.65625
BB Samantray,125.0,113,15,110.61946902654867
MM Sharma,125.0,136,13,91.91176470588235
B Lee,124.0,96,16,129.16666666666669
Harpreet Singh,123.0,118,13,104.23728813559323
AB McDonald,123.0,100,13,123.0
NK Patel,121.0,119,15,101.68067226890756
DL Vettori,121.0,112,13,108.03571428571428
AC Blizzard,120.0,90,23,133.33333333333331
TG Southee,120.0,106,12,113.20754716981132
Arshad Khan,119.0,84,14,141.66666666666669
RJ Harris,117.0,111,9,105.40540540540539
Z Khan,117.0,140,13,83.57142857142857
Misbah-ul-Haq,117.0,81,16,144.44444444444443
DL Chahar,117.0,84,13,139.28571428571428
MW Short,117.0,92,19,127.17391304347827
KK Cooper,116.0,67,17,173.13432835820893
DJM Short,115.0,99,16,116.16161616161615
Aman Hakim Khan,115.0,104,14,110.57692307692308
M Kartik,113.0,107,8,105.60747663551402
Mohammed Siraj,112.0,121,14,92.56198347107438
MA Starc,111.0,119,11,93.27731092436974
DJ Harris,111.0,101,16,109.9009900990099
MJ Santner,110.0,103,12,106.79611650485437
LJ Wright,106.0,59,19,179.66101694915255
JDP Oram,106.0,107,11,99.06542056074767
DS Kulkarni,104.0,108,9,96.29629629629629
RJ Quiney,103.0,102,15,100.98039215686273
Azmatullah Omarzai,99.0,74,13,133.7837837837838
MS Gony,99.0,70,14,141.42857142857144
SD Chitnis,99.0,88,12,112.5
MJ Clarke,98.0,94,12,104.25531914893618
CJ Ferguson,98.0,117,9,83.76068376068376
PN Mankad,97.0,72,15,134.72222222222223
PHKD Mendis,92.0,68,9,135.29411764705884
DJ Jacobs,92.0,98,14,93.87755102040816
PR Shah,92.0,90,11,102.22222222222221
JDS Neesham,92.0,93,8,98.9247311827957
S Rana,91.0,79,10,115.18987341772151
RT Ponting,91.0,128,7,71.09375
AJ Tye,91.0,75,11,121.33333333333334
AD Nath,90.0,98,9,91.83673469387756
Iqbal Abdulla,88.0,82,10,107.31707317073172
SL Malinga,88.0,99,11,88.88888888888889
Ankit Sharma,87.0,67,11,129.8507462686567
AP Majumdar,87.0,76,9,114.4736842105263
TA Boult,85.0,81,8,104.93827160493827
MJ McClenaghan,85.0,69,12,123.18840579710144
Mohammed Shami,84.0,89,9,94.3820224719101
RE Levi,83.0,73,14,113.69863013698631
NM Coulter-Nile,82.0,72,11,113.88888888888889
LA Carseldine,81.0,66,11,122.72727272727273
WPUJC Vaas,81.0,72,5,112.5
PWH de Silva,81.0,88,8,92.04545454545455
CJ Jordan,81.0,77,6,105.1948051948052
Shahid Afridi,81.0,46,13,176.08695652173913
RV Patel,80.0,73,8,109.58904109589041
AD Mascarenhas,79.0,78,6,101.28205128205127
JR Philippe,78.0,77,10,101.29870129870129
CR Woakes,78.0,77,9,101.29870129870129
B Akhil,76.0,55,10,138.1818181818182
IR Jaggi,76.0,97,6,78.35051546391753
TR Birt,75.0,57,11,131.57894736842107
M Klinger,73.0,75,9,97.33333333333334
RR Sarwan,73.0,75,7,97.33333333333334
LH Ferguson,72.0,46,9,156.52173913043478
SK Rasheed,71.0,63,11,112.6984126984127
J Suchith,70.0,61,9,114.75409836065573
AA Bilakhia,69.0,84,5,82.14285714285714
Vivrant Sharma,69.0,47,11,146.80851063829786
JJ Bumrah,68.0,78,6,87.17948717948718
Urvil Patel,68.0,32,11,212.5
JG Bethell,67.0,39,12,171.7948717948718
RR Powar,67.0,64,7,104.6875
HR Shokeen,66.0,65,9,101.53846153846153
R Sharma,66.0,75,8,88.0
WD Parnell,65.0,80,5,81.25
KA Jamieson,65.0,60,8,108.33333333333333
GD Phillips,65.0,54,9,120.37037037037037
Mohammad Hafeez,64.0,83,9,77.10843373493977
Anirudh Singh,63.0,66,7,95.45454545454545
A Flintoff,62.0,53,7,116.98113207547169
Avesh Khan,62.0,37,10,167.56756756756758
SP Jackson,61.0,57,6,107.01754385964912
Sandeep Sharma,60.0,74,4,81.08108108108108
Harshit Rana,59.0,55,8,107.27272727272728
S Aravind,59.0,57,7,103.50877192982458
MG Bracewell,58.0,47,7,123.40425531914893
I Sharma,57.0,69,6,82.6086956521739
WA Mota,56.0,75,2,74.66666666666667
Vishnu Vinod,56.0,56,6,100.0
M Rawat,55.0,69,5,79.71014492753623
DJ Willey,53.0,62,7,85.48387096774194
PVD Chameera,53.0,42,6,126.19047619047619
A Chopra,53.0,71,7,74.64788732394366
Shoaib Malik,52.0,46,5,113.04347826086956
RP Singh,52.0,76,3,68.42105263157895
Shivam Mavi,51.0,56,6,91.07142857142857
Swapnil Singh,51.0,45,6,113.33333333333333
R Rampaul,51.0,49,5,104.08163265306123
KB Arun Karthik,51.0,51,5,100.0
OF Smith,51.0,44,6,115.90909090909092
VR Aaron,50.0,71,4,70.4225352112676
RV Gomez,50.0,51,6,98.0392156862745
SB Bangar,49.0,58,4,84.48275862068965
AG Paunikar,49.0,55,9,89.0909090909091
A Nortje,49.0,49,6,100.0
AS Yadav,49.0,39,7,125.64102564102564
T Kohler-Cadmore,48.0,54,8,88.88888888888889
M Markande,48.0,42,6,114.28571428571428
Yashpal Singh,47.0,65,5,72.3076923076923
C Bosch,47.0,32,6,146.875
Ravi Bishnoi,45.0,66,4,68.18181818181817
D Pretorius,44.0,28,6,157.14285714285714
DR Sams,44.0,44,4,100.0
Sunny Singh,43.0,31,7,138.70967741935485
SK Trivedi,42.0,58,4,72.41379310344827
AB Barath,42.0,42,6,100.0
A Nehra,41.0,60,4,68.33333333333333
BR Dunk,40.0,35,7,114.28571428571428
Rasikh Salam,40.0,40,5,100.0
J Yadav,40.0,36,3,111.11111111111111
LPC Silva,40.0,26,6,153.84615384615387
S Nadeem,39.0,87,2,44.827586206896555
DJ Thornely,39.0,53,4,73.58490566037736
AUK Pathan,39.0,23,7,169.56521739130434
MM Patel,39.0,41,5,95.1219512195122
Umar Gul,39.0,19,6,205.26315789473685
S Narwal,37.0,27,6,137.03703703703704
YS Chahal,37.0,86,0,43.02325581395349
Anureet Singh,36.0,47,3,76.59574468085107
Sohail Tanvir,36.0,28,4,128.57142857142858
L Balaji,36.0,49,3,73.46938775510205
AN Ahmed,36.0,26,5,138.46153846153845
Joginder Sharma,36.0,30,3,120.0
KW Richardson,36.0,39,3,92.3076923076923
B Sumanth,35.0,37,3,94.5945945945946
M Ashwin,35.0,50,3,70.0
A Kumble,35.0,47,3,74.46808510638297
AP Dole,34.0,22,4,154.54545454545453
S Sreesanth,34.0,55,6,61.81818181818181
A Mithun,34.0,26,5,130.76923076923077
L Ronchi,34.0,34,7,100.0
Navdeep Saini,33.0,37,3,89.1891891891892
D Salunkhe,33.0,24,5,137.5
Imran Tahir,33.0,37,5,89.1891891891892
AT Carey,32.0,29,1,110.34482758620689
RJ Peterson,32.0,30,4,106.66666666666667
Basil Thampi,32.0,35,2,91.42857142857143
S Sriram,31.0,36,3,86.11111111111111
T Taibu,31.0,26,3,119.23076923076923
NS Naik,31.0,50,2,62.0
G Coetzee,31.0,32,4,96.875
Arshdeep Singh,31.0,46,4,67.3913043478261
VH Zol,29.0,26,4,111.53846153846155
J Syed Mohammad,29.0,26,4,111.53846153846155
SB Jakati,28.0,29,3,96.55172413793103
TU Deshpande,28.0,22,3,127.27272727272727
AS Joseph,27.0,32,3,84.375
AS Roy,26.0,25,3,104.0
MD Shanaka,26.0,26,3,100.0
AS Rajpoot,26.0,41,3,63.41463414634146
PJ Sangwan,26.0,44,1,59.09090909090909
JM Kemp,26.0,24,2,108.33333333333333
NL McCullum,26.0,22,1,118.18181818181819
DJ Malan,26.0,26,2,100.0
AB Dinda,26.0,48,2,54.166666666666664
TL Seifert,26.0,23,4,113.04347826086956
CV Varun,26.0,47,2,55.319148936170215
Akash Deep,25.0,14,4,178.57142857142858
S Chanderpaul,25.0,31,4,80.64516129032258
Mohsin Khan,25.0,24,3,104.16666666666667
A Choudhary,25.0,20,2,125.0
Sanvir Singh,25.0,21,3,119.04761904761905
MA Khote,24.0,22,3,109.09090909090908
Tanush Kotian,24.0,31,3,77.41935483870968
AJ Turner,24.0,28,2,85.71428571428571
ER Dwivedi,24.0,14,4,171.42857142857142
KC Cariappa,24.0,21,2,114.28571428571428
SW Tait,23.0,26,2,88.46153846153845
AF Milne,23.0,29,1,79.3103448275862
J Arunkumar,23.0,23,5,100.0
P Dubey,23.0,33,2,69.6969696969697
BMAJ Mendis,23.0,27,0,85.18518518518519
Umran Malik,23.0,15,3,153.33333333333334
Yudhvir Singh,22.0,16,3,137.5
Sediqullah Atal,22.0,16,2,137.5
SA Abbott,22.0,18,3,122.22222222222223
KL Nagarkoti,22.0,33,1,66.66666666666666
HE van der Dussen,22.0,24,2,91.66666666666666
GB Hogg,22.0,22,1,100.0
AU Rashid,22.0,15,3,146.66666666666666
B Indrajith,21.0,30,2,70.0
DE Bollinger,21.0,22,2,95.45454545454545
RR Raje,20.0,18,2,111.11111111111111
C Sakariya,20.0,30,3,66.66666666666666
Noor Ahmad,20.0,35,2,57.14285714285714
M Muralitharan,20.0,29,1,68.96551724137932
NJ Maddinson,20.0,21,4,95.23809523809523
BKG Mendis,20.0,10,3,200.0
AC Thomas,20.0,19,2,105.26315789473684
S Kaul,20.0,36,1,55.55555555555556
RA Bawa,19.0,18,1,105.55555555555556
R Shukla,19.0,23,2,82.6086956521739
JR Hazlewood,19.0,29,1,65.51724137931035
Gulbadin Naib,19.0,15,2,126.66666666666666
P Ray Barman,19.0,24,2,79.16666666666666
NT Ellis,19.0,25,1,76.0
P Sahu,19.0,13,2,146.15384615384613
DR Martyn,19.0,24,1,79.16666666666666
A Mukund,19.0,22,1,86.36363636363636
R Bishnoi,19.0,17,3,111.76470588235294
Y Gnaneswara Rao,19.0,17,3,111.76470588235294
T Banton,18.0,20,2,90.0
Harmeet Singh,18.0,12,3,150.0
BJ Haddin,18.0,11,3,163.63636363636365
JJ van der Wath,18.0,16,2,112.5
R Sai Kishore,18.0,16,2,112.5
Saurav Chauhan,18.0,15,2,120.0
Sumit Kumar,18.0,24,3,75.0
DS Lehmann,18.0,18,3,100.0
PV Tambe,18.0,38,1,47.368421052631575
Naveen-ul-Haq,18.0,24,2,75.0
KMA Paul,18.0,24,2,75.0
M Theekshana,17.0,34,1,50.0
JA Richardson,17.0,26,2,65.38461538461539
Parvez Rasool,17.0,20,1,85.0
A Kamboj,16.0,14,2,114.28571428571428
AJ Hosein,16.0,10,2,160.0
KS Sharma,16.0,25,1,64.0
CK Kapugedera,16.0,22,0,72.72727272727273
YV Dhull,16.0,23,1,69.56521739130434
PP Ojha,16.0,44,0,36.36363636363637
A Zampa,15.0,24,1,62.5
SD Lad,15.0,13,2,115.38461538461537
C Madan,15.0,18,3,83.33333333333334
JL Pattinson,15.0,13,2,115.38461538461537
GR Napier,15.0,16,1,93.75
I Udana,15.0,11,2,136.36363636363635
J Overton,15.0,7,2,214.28571428571428
Virat Singh,15.0,26,1,57.692307692307686
VY Mahesh,15.0,27,0,55.55555555555556
Vijaykumar Vyshak,14.0,12,1,116.66666666666667
MP Breetzke,14.0,12,2,116.66666666666667
FA Allen,14.0,18,1,77.77777777777779
F Behardien,14.0,13,2,107.6923076923077
MDKJ Perera,14.0,13,3,107.6923076923077
DR Shorey,13.0,17,1,76.47058823529412
DT Patil,13.0,13,1,100.0
Kartik Tyagi,13.0,16,1,81.25
S Badree,13.0,23,0,56.52173913043478
Arjun Tendulkar,13.0,9,1,144.44444444444443
KJ Abbott,13.0,8,1,162.5
Mustafizur Rahman,13.0,24,1,54.166666666666664
K Upadhyay,12.0,9,1,133.33333333333331
K Kartikeya,12.0,17,1,70.58823529411765
DG Nalkande,12.0,12,1,100.0
DAJ Bracewell,12.0,9,1,133.33333333333331
T Thushara,12.0,18,0,66.66666666666666
AR Bawne,12.0,12,1,100.0
Karanveer Singh,12.0,17,1,70.58823529411765
MA Wood,12.0,8,2,150.0
Mujeeb Ur Rahman,12.0,15,2,80.0
AA Chavan,12.0,11,2,109.09090909090908
DNT Zoysa,11.0,9,1,122.22222222222223
T Henderson,11.0,15,1,73.33333333333333
T Kohli,11.0,19,1,57.89473684210527
M Ntini,11.0,18,2,61.111111111111114
XC Bartlett,11.0,15,1,73.33333333333333
BB Sran,10.0,13,0,76.92307692307693
JE Root,10.0,15,1,66.66666666666666
RK Bhui,10.0,26,0,38.46153846153847
KAJ Roach,10.0,9,1,111.11111111111111
TD Paine,10.0,26,0,38.46153846153847
SMSM Senanayake,10.0,16,0,62.5
Simarjeet Singh,10.0,15,0,66.66666666666666
Mukesh Kumar,10.0,18,0,55.55555555555556
D du Preez,10.0,13,0,76.92307692307693
J Theron,10.0,12,1,83.33333333333334
X Thalaivan Sargunam,10.0,17,0,58.82352941176471
AG Murtaza,10.0,14,1,71.42857142857143
L Wood,9.0,3,1,300.0
SM Harwood,9.0,13,0,69.23076923076923
D Ferreira,9.0,14,0,64.28571428571429
AA Noffke,9.0,10,1,90.0
VG Arora,9.0,24,0,37.5
AA Kulkarni,9.0,8,2,112.5
M Prasidh Krishna,9.0,24,0,37.5
PWA Mulder,9.0,11,1,81.81818181818183
Akash Madhwal,8.0,14,0,57.14285714285714
OC McCoy,8.0,5,1,160.0
P Chopra,8.0,6,2,133.33333333333331
CK Langeveldt,8.0,9,1,88.88888888888889
KT Maphaka,8.0,2,2,400.0
CJ McKay,8.0,15,0,53.333333333333336
SH Johnson,8.0,11,1,72.72727272727273
TS Mills,8.0,14,1,57.14285714285714
TM Srivastava,8.0,11,0,72.72727272727273
JPR Scantlebury-Searles,8.0,6,1,133.33333333333331
Jaskaran Singh,8.0,11,0,72.72727272727273
AN Ghosh,7.0,8,1,87.5
UA Birla,7.0,14,1,50.0
I Malhotra,7.0,4,1,175.0
VS Malik,7.0,7,1,100.0
Ankit Soni,7.0,9,1,77.77777777777779
V Viyaskanth,7.0,5,0,140.0
Pankaj Singh,7.0,12,0,58.333333333333336
IS Sodhi,7.0,17,0,41.17647058823529
Suryansh Shedge,7.0,11,0,63.63636363636363
PSP Handscomb,6.0,12,0,50.0
JP Behrendorff,6.0,9,0,66.66666666666666
DM Bravo,6.0,5,1,120.0
SB Joshi,6.0,14,0,42.857142857142854
SS Shaikh,6.0,7,1,85.71428571428571
BA Bhatt,6.0,7,1,85.71428571428571
Mukesh Choudhary,6.0,6,1,100.0
R Minz,6.0,15,0,40.0
Fazalhaq Farooqi,5.0,15,0,33.33333333333333
SJ Srivastava,5.0,5,0,100.0
Arshad Khan (2),5.0,4,1,125.0
Shivam Sharma,5.0,3,1,166.66666666666669
KMDN Kulasekara,5.0,3,1,166.66666666666669
P Awana,5.0,14,0,35.714285714285715
Prince Yadav,5.0,10,0,50.0
B Stanlake,5.0,2,1,250.0
B Laughlin,5.0,13,0,38.46153846153847
A Tomar,4.0,8,1,50.0
VRV Singh,4.0,3,1,133.33333333333331
A Dananjaya,4.0,5,0,80.0
A Uniyal,4.0,7,0,57.14285714285714
CRD Fernando,4.0,3,0,133.33333333333331
Liton Das,4.0,4,1,100.0
DP Nannes,4.0,13,0,30.76923076923077
GD McGrath,4.0,5,1,80.0
RS Sodhi,4.0,2,1,200.0
FH Edwards,4.0,5,0,80.0
A Chandila,4.0,7,0,57.14285714285714
Yash Dayal,4.0,9,0,44.44444444444444
JE Taylor,3.0,3,0,100.0
RJW Topley,3.0,6,0,50.0
Kumar Kushagra,3.0,7,0,42.857142857142854
Younis Khan,3.0,7,0,42.857142857142854
T Natarajan,3.0,5,0,60.0
BAW Mendis,3.0,6,0,50.0
GC Viljoen,3.0,7,0,42.857142857142854
S Tyagi,3.0,4,0,75.0
Kamran Khan,3.0,5,0,60.0
D Kalyankrishna,3.0,8,0,37.5
M Tiwari,3.0,4,0,75.0
Mohammad Asif,3.0,6,0,50.0
R Ninan,3.0,5,0,60.0
KP Appanna,2.0,4,0,50.0
Mohammad Ashraful,2.0,10,0,20.0
Mashrafe Mortaza,2.0,2,0,100.0
T Shamsi,2.0,4,0,50.0
BR Sharath,2.0,5,0,40.0
S Randiv,2.0,4,0,50.0
SB Wagh,2.0,3,0,66.66666666666666
RJ Gleeson,2.0,2,0,100.0
GHS Garton,2.0,4,0,50.0
H Das,2.0,5,0,40.0
RG More,2.0,2,0,100.0
VS Yeligati,2.0,2,0,100.0
A Singh,2.0,9,0,22.22222222222222
RS Gavaskar,2.0,8,0,25.0
KK Ahmed,2.0,9,0,22.22222222222222
Shoaib Akhtar,2.0,7,0,28.57142857142857
Shivam Singh,2.0,3,0,66.66666666666666
M de Lange,1.0,2,0,50.0
MS Bhandage,1.0,4,0,25.0
MJ Suthar,1.0,2,0,50.0
NJ Rimmington,1.0,1,0,100.0
KA Maharaj,1.0,2,0,50.0
HF Gurney,1.0,5,0,20.0
Shoaib Ahmed,1.0,6,0,16.666666666666664
Mohit Rathee,1.0,2,0,50.0
DP Vijaykumar,1.0,1,0,100.0
SE Bond,1.0,2,0,50.0
PM Sarvesh Kumar,1.0,2,0,50.0
Abdul Basith,1.0,1,0,100.0
LB Williams,1.0,2,0,50.0
PVSN Raju,1.0,1,0,100.0
LE Plunkett,1.0,3,0,33.33333333333333
DJ Muthuswami,1.0,3,0,33.33333333333333
SZ Mulani,1.0,1,0,100.0
DS Rathi,1.0,3,0,33.33333333333333
BE Hendricks,1.0,3,0,33.33333333333333
P Parameswaran,1.0,2,0,50.0
YA Abdulla,0.0,1,0,0.0
Y Prithvi Raj,0.0,1,0,0.0
RR Bhatkal,0.0,2,0,0.0
RP Meredith,0.0,3,0,0.0
V Pratap Singh,0.0,1,0,0.0
IC Pandey,0.0,2,0,0.0
S Kaushik,0.0,1,0,0.0
S Lamichhane,0.0,1,0,0.0
S Ladda,0.0,9,0,0.0
K Yadav,0.0,4,0,0.0
SS Cottrell,0.0,2,0,0.0
KM Asif,0.0,2,0,0.0
KR Sen,0.0,3,0,0.0
KS Rathore,0.0,5,0,0.0
JL Denly,0.0,1,0,0.0
R Sanjay Yadav,0.0,2,0,0.0
Abdur Razzak,0.0,2,0,0.0
L Ngidi,0.0,2,0,0.0
ND Doshi,0.0,13,0,0.0
Sunny Gupta,0.0,1,0,0.0
C Nanda,0.0,1,0,0.0
Musheer Khan,0.0,3,0,0.0
L Ablish,0.0,2,0,0.0
Mayank Dagar,0.0,1,0,0.0
MJ Owen,0.0,2,0,0.0
U Kaul,0.0,1,0,0.0
